,ExpressName,ExpressAllName,ExpressSimpleName
0,大金物流,大金物流dajin,dajin
1,宝通达物流,宝通达物流baotongda,baotongda
2,恒诚物流,恒诚物流HENGCHENGWL,HENGCHENGWL
3,利民物流,利民物流LIMINWL,LIMINWL
4,恒丰物流,恒丰物流HENGFENGWL,HENGFENGWL
5,英国DPD,英国DPDdpd,dpd
6,彪记快递,彪记快递PEWKEE,PEWKEE
7,中天快运,中天快运zhongtian,zhongtian
8,鑫天顺物流,鑫天顺物流XINTIAN,XINTIAN
9,飞鹰物流,飞鹰物流hnfy,hnfy
10,风行天下,风行天下fengxingtianxia,fengxingtianxia
11,澳大利亚邮政(英文),澳大利亚邮政(英文)auspost,auspost
12,恒路物流,恒路物流henglu,henglu
13,GSM,GSMgsm,gsm
14,加拿大邮政(法语),加拿大邮政(法语)canpostfr,canpostfr
15,ACS国际快递,ACS国际快递acs,acs
16,EMS(英文),EMS(英文)emsen,emsen
17,美西快递,美西快递meixi,meixi
18,新蛋物流,新蛋物流xindan,xindan
19,中国邮政包裹、平邮、挂号信,中国邮政包裹、平邮、挂号信bgpyghx,bgpyghx
20,宋军物流,宋军物流SJWL,SJWL
21,顺发物流,顺发物流SHUNFAWL,SHUNFAWL
22,邮联物流,邮联物流YBWL,YBWL
23,天河物流,天河物流TIANHEWL,TIANHEWL
24,黑猫宅急便,黑猫宅急便hmzjb,hmzjb
25,盛旺货运,盛旺货运SWHY,SWHY
26,汤氏物流,汤氏物流TSWL,TSWL
27,鑫飞鸿物流快递,鑫飞鸿物流快递XFHONG,XFHONG
28,圆圆物流,圆圆物流YUANYUANWL,YUANYUANWL
29,立通快递,立通快递litong,litong
30,佳宇物流,佳宇物流JIAYU,JIAYU
31,昊昕物流,昊昕物流SHHX,SHHX
32,安得物流,安得物流ande,ande
33,贝邮宝,贝邮宝ppbyb,ppbyb
34,递达快递,递达快递dida,dida
35,振刚物流,振刚物流ZGWL,ZGWL
36,日本邮政,日本邮政jppost,jppost
37,康力物流,康力物流klwl,klwl
38,UEX,UEXuex,uex
39,祥龙运通,祥龙运通xlyt,xlyt
40,CCES快递,CCES快递cces,cces
41,中国邮政国际包裹,中国邮政国际包裹intmail,intmail
42,广东ems快递,广东ems快递gdems,gdems
43,百腾物流,百腾物流baitengwuliu,baitengwuliu
44,飞力士物流,飞力士物流flysman,flysman
45,丰程物流,丰程物流sccod,sccod
46,高铁速递,高铁速递gtsd,gtsd
47,户通物流,户通物流hutongwuliu,hutongwuliu
48,迦递(GATI)快递,迦递(GATI)快递gaticn,gaticn
49,GTS快递,GTS快递gts,gts
50,伙伴物流,伙伴物流huoban,huoban
51,红马速递,红马速递nedahm,nedahm
52,汇文配送,汇文配送huiwen,huiwen
53,华赫物流,华赫物流nmhuahe,nmhuahe
54,航宇快递,航宇快递hangyu,hangyu
55,骏川物流,骏川物流JUNCHUANWL,JUNCHUANWL
56,猴急送,猴急送hjs,hjs
57,环球速运,环球速运huanqiu,huanqiu
58,辉联物流,辉联物流huilian,huilian
59,华达快运,华达快运huada,huada
60,海派通,海派通hipito,hipito
61,华通务达物流,华通务达物流htwd,htwd
62,韩润物流,韩润物流hanrun,hanrun
63,民航(航空快递),民航(航空快递)airgtc,airgtc
64,环球通达,环球通达hqtd,hqtd
65,河南次晨达,河南次晨达ccd,ccd
66,和丰同城,和丰同城hfwuxi,hfwuxi
67,荷兰 Sky Post,荷兰 Sky Postskypost,skypost
68,鸿讯物流,鸿讯物流hongxun,hongxun
69,宏捷国际物流,宏捷国际物流hongjie,hongjie
70,吉日优派,吉日优派jrypex,jrypex
71,恒通快递,恒通快递lqht,lqht
72,汇通天下物流,汇通天下物流httx56,httx56
73,急顺通,急顺通pzhjst,pzhjst
74,景光物流,景光物流jgwl,jgwl
75,金马甲,金马甲jmjss,jmjss
76,捷网俄全通,捷网俄全通ruexp,ruexp
77,快优达速递,快优达速递kuaiyouda,kuaiyouda
78,乐天速递,乐天速递ltexp,ltexp
79,乐递供应链,乐递供应链ledii,ledii
80,鲁通快运,鲁通快运lutong,lutong
81,木春货运,木春货运mchy,mchy
82,论道国际物流,论道国际物流lundao,lundao
83,布谷鸟快递,布谷鸟快递bgn,bgn
84,佳惠尔快递,佳惠尔快递jiahuier,jiahuier
85,广通速递,广通速递guangtong,guangtong
86,美龙快递,美龙快递meilong,meilong
87,星晨急便,星晨急便STARS,STARS
88,中国南方航空股份有限公司,中国南方航空股份有限公司NANHANG,NANHANG
89,蓝镖快递,蓝镖快递lanbiao,lanbiao
90,誉美捷快递,誉美捷快递yumeijie,yumeijie
91,方方达物流,方方达物流fangfangda,fangfangda
92,大顺物流,大顺物流dashun,dashun
93,河北建华物流,河北建华物流hebeijianhua,hebeijianhua
94,晋越快递,晋越快递jinyue,jinyue
95,好来运快递,好来运快递haolaiyun,haolaiyun
96,陪行物流,陪行物流peixing,peixing
97,新加坡邮政,新加坡邮政singpost,singpost
98,快淘快递,快淘快递kuaitao,kuaitao
99,香港邮政,香港邮政hkpost,hkpost
100,一统飞鸿快递,一统飞鸿快递ytfh,ytfh
101,中信达快递,中信达快递zhongxinda,zhongxinda
102,佐川急便,佐川急便zuochuan,zuochuan
103,城市之星,城市之星cszx,cszx
104,程光快递,程光快递chengguang,chengguang
105,凤凰快递,凤凰快递PHOENIXEXP,PHOENIXEXP
106,传志快递,传志快递chuanzhi,chuanzhi
107,华慧快递,华慧快递BHTEXP,BHTEXP
108,GLS快递,GLS快递CNGLS,CNGLS
109,卡行天下,卡行天下kxtx,kxtx
110,龙胜物流,龙胜物流LONGSHENWL,LONGSHENWL
111,苏粤货运,苏粤货运SUYUE,SUYUE
112,配思货运,配思货运PEISI,PEISI
113,美国快递,美国快递meiguo,meiguo
114,门对门,门对门menduimen,menduimen
115,DHL(英文),DHL(英文)dhlen,dhlen
116,UPS(英文),UPS(英文)upsen,upsen
117,广东邮政,广东邮政guangdongyouzhengwuliu,guangdongyouzhengwuliu
118,中速快件,中速快件zhongsukuaidi,zhongsukuaidi
119,顺丰(英文),顺丰(英文)shunfengen,shunfengen
120,Fedex(英文-美国件),Fedex(英文-美国件)fedexus,fedexus
121,TNT(英文),TNT(英文)tnten,tnten
122,隆浪快递,隆浪快递longlangkuaidi,longlangkuaidi
123,联邦快递(英文),联邦快递(英文)lianbangkuaidien,lianbangkuaidien
124,新蛋奥硕物流,新蛋奥硕物流neweggozzo,neweggozzo
125,瑞典邮政(英文),瑞典邮政(英文)ruidianyouzheng,ruidianyouzheng
126,金大物流,金大物流jindawuliu,jindawuliu
127,中国邮政(国际),中国邮政(国际)youzhengguoji,youzhengguoji
128,onTrac,onTracontrac,ontrac
129,BHT,BHTbht,bht
130,七天连锁,七天连锁sevendays,sevendays
131,邦送物流,邦送物流bangsongwuliu,bangsongwuliu
132,DHL(德文),DHL(德文)dhlde,dhlde
133,加拿大邮政(英文),加拿大邮政(英文)canpost,canpost
134,EMS(中文-国际件),EMS(中文-国际件)emsguoji,emsguoji
135,AOL澳通速递,AOL澳通速递aolau,aolau
136,A2U速递,A2U速递a2u,a2u
137,科捷物流,科捷物流kjwl,kjwl
138,EMS(英文-国际件),EMS(英文-国际件)emsinten,emsinten
139,BCWELT,BCWELTbcwelt,bcwelt
140,安鲜达,安鲜达exfresh,exfresh
141,跨境电商易,跨境电商易kjdsy,kjdsy
142,宝凯物流,宝凯物流lbbk,lbbk
143,乐捷递,乐捷递lejiedi,lejiedi
144,汇强快递,汇强快递huiqiang,huiqiang
145,飞豹快递,飞豹快递feibao,feibao
146,成都立即送快递,成都立即送快递lijisong,lijisong
147,OCS国际快递,OCS国际快递ocs,ocs
148,民邦速递,民邦速递minbang,minbang
149,京东快递,京东快递jingdong,jingdong
150,赛澳递,赛澳递saiaodi,saiaodi
151,三态速递,三态速递santai,santai
152,凡宇速递,凡宇速递fanyu,fanyu
153,丰达快递,丰达快递fengda,fengda
154,东方快递COE,东方快递COEcoe,coe
155,递四方速递,递四方速递disifang,disifang
156,百福东方快递,百福东方快递ees,ees
157,城市100快递,城市100快递chengshi100,chengshi100
158,长通物流,长通物流changtong,changtong
159,如风达快递,如风达快递rufeng,rufeng
160,传喜物流(传喜快递),传喜物流(传喜快递)chuanxi,chuanxi
161,飞邦物流,飞邦物流feibang,feibang
162,昊盛物流,昊盛物流haosheng,haosheng
163,宽容物流,宽容物流kuanrong,kuanrong
164,音速速运,音速速运yinsu,yinsu
165,通成物流,通成物流tongcheng,tongcheng
166,伟邦快递(SCS快递),伟邦快递(SCS快递)scs,scs
167,芝麻开门,芝麻开门zhima,zhima
168,尼尔物流(尼尔快递),尼尔物流(尼尔快递)nell,nell
169,日日顺物流,日日顺物流ririshun,ririshun
170,通和天下物流,通和天下物流tonghe,tonghe
171,安迅物流,安迅物流anxun,anxun
172,百千诚国际物流,百千诚国际物流baiqian,baiqian
173,出口易,出口易chukouyi,chukouyi
174,店通快递,店通快递diantong,diantong
175,飞特物流,飞特物流feite,feite
176,华诚物流,华诚物流huacheng,huacheng
177,华翰物流,华翰物流huahan,huahan
178,恒宇运通,恒宇运通hengyu,hengyu
179,久易快递,久易快递jiuyi,jiuyi
180,华航快递,华航快递huahang,huahang
181,跨越快递/跨越速运,跨越快递/跨越速运kuayue,kuayue
182,捷特快递,捷特快递jiete,jiete
183,京世物流,京世物流jingshi,jingshi
184,南北快递,南北快递nanbei,nanbei
185,蒙速快递,蒙速快递mengsu,mengsu
186,平安达快递,平安达快递pinganda,pinganda
187,荣庆物流,荣庆物流rongqing,rongqing
188,瑞丰速递,瑞丰速递ruifeng,ruifeng
189,穗佳物流,穗佳物流suijia,suijia
190,速腾快递,速腾快递suteng,suteng
191,思迈快递,思迈快递simai,simai
192,五环速递,五环速递wuhuan,wuhuan
193,晟邦物流,晟邦物流shengbang,shengbang
194,速呈宅配,速呈宅配suchengzhaipei,suchengzhaipei
195,星程宅配,星程宅配xingchengzhaipei,xingchengzhaipei
196,燕文物流,燕文物流yanwen,yanwen
197,纵行物流,纵行物流zongxing,zongxing
198,DHL快递,DHL快递dhl,dhl
199,AAE快递,AAE快递aae,aae
200,Fedex联邦快递(国际),Fedex联邦快递(国际)fedex,fedex
201,飞狐快递,飞狐快递feihu,feihu
202,顺丰速运,顺丰速运shunfeng,shunfeng
203,春风物流,春风物流spring,spring
204,易达通快递,易达通快递yidatong,yidatong
205,伍圆速递,伍圆速递F5XM,F5XM
206,DPEX快递,DPEX快递dpex,dpex
207,上大物流,上大物流SUNDAPOST,SUNDAPOST
208,文捷航空速递,文捷航空速递GZWENJIE,GZWENJIE
209,安捷快递,安捷快递anjie,anjie
210,远成物流,远成物流ycgky,ycgky
211,UC优速快递,UC优速快递yousu,yousu
212,嘉里大通,嘉里大通jldt,jldt
213,冠达快递,冠达快递guada,guada
214,万博快递,万博快递wanbo,wanbo
215,速通物流,速通物流sutong,sutong
216,AOL快递,AOL快递aol,aol
217,爱彼西快递,爱彼西快递abc,abc
218,D速快递,D速快递dsu,dsu
219,山东海红快递,山东海红快递haihong,haihong
220,急先达物流,急先达物流jixianda,jixianda
221,申通快递,申通快递shentong,shentong
222,飞洋快递,飞洋快递feiyang,feiyang
223,RPX保时达,RPX保时达rpx,rpx
224,黑狗物流,黑狗物流higo,higo
225,九曳供应链,九曳供应链jiuye,jiuye
226,方舟速递,方舟速递arke,arke
227,中外速运,中外速运zwsy,zwsy
228,吉祥邮,吉祥邮jxy,jxy
229,国通快递,国通快递guotong,guotong
230,Aramex,Aramexaramex,aramex
231,佳怡物流,佳怡物流jiayi,jiayi
232,龙邦快运,龙邦快运longbang,longbang
233,民航快递,民航快递minhang,minhang
234,快捷速递,快捷速递kuaijie,kuaijie
235,全一快递,全一快递quanyi,quanyi
236,全晨快递,全晨快递quanchen,quanchen
237,信丰物流,信丰物流xinfeng,xinfeng
238,新邦物流,新邦物流xinbang,xinbang
239,元智捷诚快递,元智捷诚快递yuanzhi,yuanzhi
240,USPS快递,USPS快递usps,usps
241,中邮物流,中邮物流zhongyou,zhongyou
242,海外环球,海外环球haiwaihuanqiu,haiwaihuanqiu
243,中邮快递(澳邮),中邮快递(澳邮)cnpex,cnpex
244,联邦物流,联邦物流LBWL,LBWL
245,盛丰物流,盛丰物流shengfeng,shengfeng
246,明亮物流,明亮物流mingliang,mingliang
247,源伟丰快递,源伟丰快递ywfex,ywfex
248,圆通速递,圆通速递yuantong,yuantong
249,共速达物流,共速达物流gongsuda,gongsuda
250,万象物流,万象物流wanxiang,wanxiang
251,中通快递,中通快递zhongtong,zhongtong
252,全日通快递,全日通快递quanritong,quanritong
253,万家物流,万家物流wanjia,wanjia
254,飞快达物流,飞快达物流feikuaida,feikuaida
255,运通快递,运通快递yuntong,yuntong
256,越丰快递,越丰快递yuefeng,yuefeng
257,海盟速递,海盟速递haimeng,haimeng
258,EMS,EMSems,ems
259,大田物流,大田物流datian,datian
260,盛辉物流,盛辉物流shenghui,shenghui
261,全际通快递,全际通快递quanjitong,quanjitong
262,联昊通快递,联昊通快递lianhaotong,lianhaotong
263,Fedex联邦快递(国内),Fedex联邦快递(国内)fedexcn,fedexcn
264,天地华宇物流,天地华宇物流huayu,huayu
265,源安达快递,源安达快递yad,yad
266,TNT快递,TNT快递tnt,tnt
267,港中能达快递,港中能达快递nengda,nengda
268,原飞航快递,原飞航快递feihang,feihang
269,中天万运快递,中天万运快递ztwy,ztwy
270,安信达快递,安信达快递anxinda,anxinda
271,飞康达物流,飞康达物流fkd,fkd
272,全峰快递,全峰快递quanfeng,quanfeng
273,华夏龙物流,华夏龙物流huaxialong,huaxialong
274,圣安物流,圣安物流shengan,shengan
275,佳吉物流,佳吉物流jiaji,jiaji
276,韵达速递,韵达速递yunda,yunda
277,UPS快递,UPS快递ups,ups
278,亚风速递,亚风速递yafeng,yafeng
279,百世快递(原汇通),百世快递(原汇通)huitong,huitong
280,澳邮中国快运,澳邮中国快运auexpress,auexpress
281,德邦快递/物流,德邦快递/物流debang,debang
282,安能物流,安能物流anneng,anneng
283,中国邮政包裹/平邮/挂号信,中国邮政包裹/平邮/挂号信youzhengguonei,youzhengguonei
284,北青小红帽,北青小红帽xiaohongmao,xiaohongmao
285,博源恒通,博源恒通byht,byht
286,百成大达物流,百成大达物流idada,idada
287,巴伦支快递,巴伦支快递balunzhi,balunzhi
288,笨鸟海淘,笨鸟海淘birdex,birdex
289,百事亨通,百事亨通bsht,bsht
290,奔腾物流,奔腾物流benteng,benteng
291,大洋物流快递,大洋物流快递dayang,dayang
292,CE易欧通国际速递,CE易欧通国际速递cloudexpress,cloudexpress
293,东红物流,东红物流donghong,donghong
294,德创物流,德创物流dechuangwuliu,dechuangwuliu
295,东瀚物流,东瀚物流donghanwl,donghanwl
296,东骏快捷物流,东骏快捷物流dongjun,dongjun
297,达方物流,达方物流dfpost,dfpost
298,叮咚澳洲转运,叮咚澳洲转运dindon,dindon
299,大众佐川急便,大众佐川急便dazhong,dazhong
300,德方物流,德方物流ahdf,ahdf
301,德中快递,德中快递decnlh,decnlh
302,德坤物流,德坤物流dekuncn,dekuncn
303,达速物流,达速物流dasu,dasu
304,俄顺达,俄顺达eshunda,eshunda
305,EWE全球快递,EWE全球快递ewe,ewe
306,FedEx英国,FedEx英国fedexuk,fedexuk
307,凡客如风达,凡客如风达rufengda,rufengda
308,FOX国际速递,FOX国际速递fox,fox
309,泛远国际物流,泛远国际物流farlogistis,farlogistis
310,港快速递,港快速递gangkuai,gangkuai
311,颿达国际快递,颿达国际快递fandaguoji,fandaguoji
312,黄马甲快递,黄马甲快递huangmajia,huangmajia
313,华宇物流,华宇物流tiandihuayu,tiandihuayu
314,广通速递（山东）,广通速递（山东）gtongsudi,gtongsudi
315,皇家物流,皇家物流pfcexpress,pfcexpress
316,合众速递,合众速递ucs,ucs
317,京广速递快件,京广速递快件jinguangsudikuaijian,jinguangsudikuaijian
318,骏丰国际速递,骏丰国际速递junfengguoji,junfengguoji
319,好又快物流,好又快物流haoyoukuai,haoyoukuai
320,佳家通,佳家通jiajiatong56,jiajiatong56
321,蓝弧快递,蓝弧快递lanhu,lanhu
322,锦程国际物流,锦程国际物流jinchengwuliu,jinchengwuliu
323,闽盛物流,闽盛物流minsheng,minsheng
324,美通快递,美通快递valueway,valueway
325,麦力快递,麦力快递mailikuaidi,mailikuaidi
326,美快国际物流,美快国际物流meiquick,meiquick
327,偌亚奥国际,偌亚奥国际nuoyaao,nuoyaao
328,欧亚专线,欧亚专线euasia,euasia
329,品骏快递,品骏快递pjbest,pjbest
330,秦邦快运,秦邦快运qbexpress,qbexpress
331,全信通快递,全信通快递quanxintong,quanxintong
332,全速通国际快递,全速通国际快递quansutong,quansutong
333,秦远物流,秦远物流qinyuan,qinyuan
334,全速快运,全速快运quansu,quansu
335,启辰国际物流,启辰国际物流qichen,qichen
336,全时速运,全时速运runhengfeng,runhengfeng
337,全之鑫物流,全之鑫物流qzx56,qzx56
338,千顺快递,千顺快递qskdyxgs,qskdyxgs
339,日昱物流,日昱物流riyu,riyu
340,世运快递,世运快递shiyun,shiyun
341,瑞达国际速递,瑞达国际速递ruidaex,ruidaex
342,日益通速递,日益通速递rytsd,rytsd
343,山西红马甲,山西红马甲sxhongmajia,sxhongmajia
344,上海林道货运,上海林道货运shlindao,shlindao
345,沈阳佳惠尔,沈阳佳惠尔syjiahuier,syjiahuier
346,十方通物流,十方通物流sfift,sfift
347,顺捷丰达,顺捷丰达shunjiefengda,shunjiefengda
348,速必达物流,速必达物流subida,subida
349,速递中国,速递中国sendtochina,sendtochina
350,速方国际物流,速方国际物流bphchina,bphchina
351,顺通快递,顺通快递stkd,stkd
352,苏宁快递,苏宁快递suning,suning
353,四海快递,四海快递sihaiet,sihaiet
354,同舟行物流,同舟行物流chinatzx,chinatzx
355,天纵物流,天纵物流tianzong,tianzong
356,腾达速递,腾达速递nntengda,nntengda
357,通达兴物流,通达兴物流tongdaxing,tongdaxing
358,天联快运,天联快运tlky,tlky
359,泰国138,泰国138sd138,sd138
360,UEQ快递,UEQ快递ueq,ueq
361,微特派快递,微特派快递weitepai,weitepai
362,万家通,万家通timedg,timedg
363,微转运,微转运wzhaunyun,wzhaunyun
364,渥途国际速运,渥途国际速运wotu,wotu
365,万通快递,万通快递gswtkd,gswtkd
366,威时沛运,威时沛运wtdchina,wtdchina
367,喜来快递,喜来快递xilaikd,xilaikd
368,鑫世锐达,鑫世锐达xsrd,xsrd
369,西安城联速递,西安城联速递xianchenglian,xianchenglian
370,鑫通宝物流,鑫通宝物流xtb,xtb
371,信天捷快递,信天捷快递xintianjie,xintianjie
372,新速航,新速航sunspeedy,sunspeedy
373,西安胜峰,西安胜峰xaetc,xaetc
374,先锋快递,先锋快递xianfeng,xianfeng
375,新顺丰（NSF）,新顺丰（NSF）nsf,nsf
376,西邮寄,西邮寄xipost,xipost
377,易通达,易通达yitongda,yitongda
378,信联通,信联通sinatone,sinatone
379,新杰物流,新杰物流sunjex,sunjex
380,煜嘉物流,煜嘉物流yujiawuliu,yujiawuliu
381,英脉物流,英脉物流gml,gml
382,云豹国际货运,云豹国际货运leopard,leopard
383,一柒物流,一柒物流yiqiguojiwuliu,yiqiguojiwuliu
384,邮必佳,邮必佳youbijia,youbijia
385,亿领速运,亿领速运yilingsuyun,yilingsuyun
386,云南中诚,云南中诚czwlyn,czwlyn
387,御风速运,御风速运yufeng,yufeng
388,永昌物流,永昌物流yongchang,yongchang
389,优配速运,优配速运sdyoupei,sdyoupei
390,优速通达,优速通达yousutongda,yousutongda
391,亿顺航,亿顺航yishunhang,yishunhang
392,亚马逊物流,亚马逊物流yamaxunwuliu,yamaxunwuliu
393,永旺达快递,永旺达快递yongwangda,yongwangda
394,易客满,易客满ecmscn,ecmscn
395,益递物流,益递物流edlogistics,edlogistics
396,远洋国际,远洋国际yyexpress,yyexpress
397,一号仓,一号仓onehcang,onehcang
398,英超物流,英超物流yingchao,yingchao
399,中睿速递,中睿速递zhongruisudi,zhongruisudi
400,壹品速递,壹品速递ypsd,ypsd
401,CityLink快递,CityLink快递citylink,citylink
402,一号线,一号线lineone,lineone
403,百世快运,百世快运bsky,bsky
404,澳大利亚PCA快递,澳大利亚PCA快递pca,pca
405,郑州建华快递,郑州建华快递zzjh,zzjh
406,邮亚物流,邮亚物流youYa,youYa
407,新西兰平安快递,新西兰平安快递efs,efs
408,海米派供应链,海米派供应链haiMiPai,haiMiPai
409,易联通达物流,易联通达物流el56,el56
410,鹰运国际速递,鹰运国际速递vipexpress,vipexpress
411,一运全成物流,一运全成物流yyqc56,yyqc56
412,中铁快运,中铁快运zhongtie,zhongtie
413,中外运速递,中外运速递zhongwaiyun,zhongwaiyun
414,中铁飞豹物流,中铁飞豹物流ZTKY,ZTKY
415,增益速递,增益速递zengyisudi,zengyisudi
416,郑州速捷,郑州速捷sujievip,sujievip
417,至诚通达快递,至诚通达快递zhichengtongda,zhichengtongda
418,智通物流,智通物流ztong,ztong
419,中运全速,中运全速topspeedex,topspeedex
420,众辉达物流,众辉达物流zhdwl,zhdwl
421,直邮易,直邮易kuachangwuliu,kuachangwuliu
422,准实快运,准实快运zsky123,zsky123
423,飞远物流,飞远物流feiyuan,feiyuan
424,中欧快运,中欧快运otobv,otobv
425,一邦快递,一邦快递yibang,yibang
426,华企快运,华企快运huaqi,huaqi
427,城际速递,城际速递chengji,chengji
428,宅急送,宅急送zhaijisong,zhaijisong
429,中国邮政快递/包裹/挂号信/小包,中国邮政快递/包裹/挂号信/小包pingyou,pingyou
430,天天快递,天天快递tiantian,tiantian
431,56快运,56快运wuliu,wuliu
432,迈速快递,迈速快递maxeed,maxeed
433,捷安达国际速递,捷安达国际速递giant,giant
434,大达物流,大达物流dada,dada
435,城市应急,城市应急cityYj,cityYj
436,速尔物流,速尔物流sure,sure
437,加运美物流,加运美物流jiayunmei,jiayunmei
438,大道物流,大道物流ddwl,ddwl
439,合众兴物流,合众兴物流hzx,hzx
440,泛捷国际速递 ,泛捷国际速递 panex,panex
441,优邦速运,优邦速运ybsy,ybsy
442,宇鑫物流,宇鑫物流yuxin,yuxin
443,中通快运,中通快运ztoKy,ztoKy
444,中国邮政小包,中国邮政小包gnxb,gnxb
445,利通物流UBI,利通物流UBIubi,ubi
446,欧速通,欧速通ost,ost
447,转运四方,转运四方zysf,zysf
448,洋包裹,洋包裹iparcel,iparcel
449,西翼物流,西翼物流westwing,westwing
450,鸿泰物流,鸿泰物流hnht,hnht
451,嘉里快递（超峰）,嘉里快递（超峰）jlkd,jlkd
452,锦程快递,锦程快递jincheng,jincheng
453,远成快运,远成快运ycky,ycky
454,易境达国际物流,易境达国际物流yiJingDa,yiJingDa
455,银捷速递,银捷速递yinjie,yinjie
456,中骅物流,中骅物流zhwl,zhwl
457,香港日日通国际速递,香港日日通国际速递rrt,rrt
458,中尔物流,中尔物流zhonger,zhonger
459,美国汉邦快递,美国汉邦快递hangbang,hangbang
460,壹米滴答,壹米滴答ymdd,ymdd
461,新干线快递,新干线快递anlexpress,anlexpress
462,天马迅达,天马迅达tmxd,tmxd
463,转运中国,转运中国zyzg,zyzg
464,快马速递,快马速递kuaima,kuaima
465,中加国际,中加国际zhongjia,zhongjia
466,铁中快运,铁中快运tiezhong,tiezhong
467,万庚国际,万庚国际wanggeng,wanggeng
468,宅急便,宅急便zhaijibian,zhaijibian
469,斑马物流,斑马物流banma,banma
470,富腾达,富腾达ftd,ftd
471,澳行快递,澳行快递aoxing,aoxing
472,安达易,安达易adi,adi
473,东方汇,东方汇dfh,dfh
474,金岸物流,金岸物流goon,goon
475,今枫国际快运,今枫国际快运maple,maple
476,败欧洲,败欧洲baiEurope,baiEurope
477,贝海国际速递,贝海国际速递xlobo,xlobo
478,增速跨境,增速跨境zyzoom,zyzoom
479,迅达速递,迅达速递xdexpress,xdexpress
480,南方传媒物流,南方传媒物流nfcmwl,nfcmwl
481,纵通速运,纵通速运ynztsy,ynztsy
482,众川国际,众川国际zhongchuan,zhongchuan
483,陆本速递,陆本速递luben,luben
484,八达通物流,八达通物流bdt,bdt
485,星空国际速递,星空国际速递wlwex,wlwex
486,宁夏万家通快递,宁夏万家通快递wanjiatong,wanjiatong
487,蓝天快递,蓝天快递bluesky,bluesky
488,鹏远国际速递,鹏远国际速递pengyuan,pengyuan
489,黑猫速递,黑猫速递heimao,heimao
490,长江国际速递,长江国际速递changjiang,changjiang
491,苏通快运,苏通快运stong,stong
492,中环转运,中环转运zhonghuanus,zhonghuanus
493,中环国际快递,中环国际快递zhonghuan,zhonghuan
494,极地快递,极地快递polarexpress,polarexpress
495,海带宝,海带宝haidaibao,haidaibao
496,德国邮政(Deutsche Post),德国邮政(Deutsche Post)deutschepost,deutschepost
497,宜送物流,宜送物流yiex,yiex
498,澳通华人物流,澳通华人物流cllexpress,cllexpress
499,TRAKPAK,TRAKPAKtrakpak,trakpak
500,云达通,云达通ydglobe,ydglobe
501,中国香港(HongKong Post)英文,中国香港(HongKong Post)英文hkposten,hkposten
502,杭州海关,杭州海关hzcustoms,hzcustoms
503,广州海关,广州海关gzcustoms,gzcustoms
504,EU-EXPRESS,EU-EXPRESSeuexpress,euexpress
505,南京海关,南京海关njcustoms,njcustoms
506,北京海关,北京海关bjcustoms,bjcustoms
507,一站通快递,一站通快递zgyzt,zgyzt
508,驿扬国际速运,驿扬国际速运iyoungspeed,iyoungspeed
509,途鲜物流,途鲜物流ibenben,ibenben
510,豌豆物流,豌豆物流wandougongzhu,wandougongzhu
511,哥士传奇速递,哥士传奇速递gscq365,gscq365
512,安的快递,安的快递gda,gda
513,ME物流,ME物流macroexpressco,macroexpressco
514,心怡物流,心怡物流alog,alog
515,美国申通,美国申通stoexpress,stoexpress
516,中远e环球,中远e环球cosco,cosco
517,法国邮政小包（colissimo）,法国邮政小包（colissimo）colissimo,colissimo
518,明大快递,明大快递adaexpress,adaexpress
519,捷记方舟,捷记方舟ajexpress,ajexpress
520,顺达快递,顺达快递sundarexpress,sundarexpress
521,德豪驿,德豪驿dehaoyi,dehaoyi
522,优联吉运,优联吉运uluckex,uluckex
523,阿根廷邮政(Correo Argentina),阿根廷邮政(Correo Argentina)correoargentino,correoargentino
524,哈萨克斯坦邮政(Kazpost),哈萨克斯坦邮政(Kazpost)kazpost,kazpost
525,秘鲁邮政(SERPOST),秘鲁邮政(SERPOST)peru,peru
526,黑猫雅玛多,黑猫雅玛多yamato,yamato
527,华通快运,华通快运htongexpress,htongexpress
528,吉尔吉斯斯坦邮政(Kyrgyz Post),吉尔吉斯斯坦邮政(Kyrgyz Post)kyrgyzpost,kyrgyzpost
529,拉脱维亚邮政(Latvijas Pasts),拉脱维亚邮政(Latvijas Pasts)latvia,latvia
530,黎巴嫩邮政(Liban Post),黎巴嫩邮政(Liban Post)libanpost,libanpost
531,立陶宛邮政（Lietuvos paštas）,立陶宛邮政（Lietuvos paštas）lithuania,lithuania
532,马耳他邮政（Malta Post）,马耳他邮政（Malta Post）malta,malta
533,马尔代夫邮政(Maldives Post),马尔代夫邮政(Maldives Post)maldives,maldives
534,马其顿邮政(Macedonian Post),马其顿邮政(Macedonian Post)macedonia,macedonia
535,新西兰邮政（New Zealand Post）,新西兰邮政（New Zealand Post）newzealand,newzealand
536,摩尔多瓦邮政(Posta Moldovei),摩尔多瓦邮政(Posta Moldovei)moldova,moldova
537,突尼斯邮政EMS(Rapid-Poste),突尼斯邮政EMS(Rapid-Poste)tunisia,tunisia
538,塞浦路斯邮政(Cyprus Post),塞浦路斯邮政(Cyprus Post)cypruspost,cypruspost
539,塞尔维亚邮政(PE Post of Serbia),塞尔维亚邮政(PE Post of Serbia)serbia,serbia
540,新喀里多尼亚[法国]邮政(New Caledonia),新喀里多尼亚[法国]邮政(New Caledonia)caledonia,caledonia
541,叙利亚邮政(Syrian Post),叙利亚邮政(Syrian Post)republic,republic
542,乌兹别克斯坦邮政(Post of Uzbekistan),乌兹别克斯坦邮政(Post of Uzbekistan)uzbekistan,uzbekistan
543,亚美尼亚邮政(Haypost-Armenian Postal),亚美尼亚邮政(Haypost-Armenian Postal)haypost,haypost
544,也门邮政(Yemen Post),也门邮政(Yemen Post)yemen,yemen
545,约旦邮政(Jordan Post),约旦邮政(Jordan Post)jordan,jordan
546,越南邮政小包(Vietnam Posts),越南邮政小包(Vietnam Posts)vietnam,vietnam
547,印度邮政(India Post),印度邮政(India Post)india,india
548,"英国邮政(大包,EMS)","英国邮政(大包,EMS)england",england
549,黑山邮政(Po?ta Crne Gore),黑山邮政(Po?ta Crne Gore)montenegro,montenegro
550,哥斯达黎加邮政(Correos de Costa Rica),哥斯达黎加邮政(Correos de Costa Rica)correos,correos
551,匈牙利邮政（Magyar Posta）,匈牙利邮政（Magyar Posta）hungary,hungary
552,中国澳门邮政(Macau Post),中国澳门邮政(Macau Post)macao,macao
553,格陵兰[丹麦]邮政（TELE Greenland A/S）,格陵兰[丹麦]邮政（TELE Greenland A/S）greenland,greenland
554,厄瓜多尔邮政(Correos del Ecuador),厄瓜多尔邮政(Correos del Ecuador)ecuador,ecuador
555,菲律宾邮政（Philippine Postal）,菲律宾邮政（Philippine Postal）phlpost,phlpost
556,埃及邮政（Egypt Post）,埃及邮政（Egypt Post）egypt,egypt
557,冰岛邮政(Iceland Post),冰岛邮政(Iceland Post)iceland,iceland
558,波兰邮政小包(Poczta Polska),波兰邮政小包(Poczta Polska)emonitoring,emonitoring
559,阿尔巴尼亚邮政(Posta shqipatre),阿尔巴尼亚邮政(Posta shqipatre)albania,albania
560,上海昊宏国际货物,上海昊宏国际货物hyk,hyk
561,爱沙尼亚邮政(Eesti Post),爱沙尼亚邮政(Eesti Post)omniva,omniva
562,中外运空运,中外运空运sinoairinex,sinoairinex
563,城晓国际快递,城晓国际快递ckeex,ckeex
564,汉邦国际速递,汉邦国际速递handboy,handboy
565,银河物流,银河物流milkyway,milkyway
566,荷兰速递(Nederland Post),荷兰速递(Nederland Post)nederlandpost,nederlandpost
567,WTD海外通,WTD海外通wtdex,wtdex
568,环东物流,环东物流huandonglg,huandonglg
569,FedRoad 联邦转运,FedRoad 联邦转运fedroad,fedroad
570,澳州顺风快递,澳州顺风快递emms,emms
571,TNT Italy,TNT Italytntitaly,tntitaly
572,卓志速运,卓志速运esdex,esdex
573,全球速运,全球速运zdwex,zdwex
574,C&C国际速递,C&C国际速递cncexp,cncexp
575,CNE,CNEcnexps,cnexps
576,昌宇国际,昌宇国际changwooair,changwooair
577,诺尔国际物流,诺尔国际物流nuoer,nuoer
578,新时速物流,新时速物流csxss,csxss
579,Landmark Global,Landmark Globallandmarkglobal,landmarkglobal
580,中宇天地,中宇天地zytdscm,zytdscm
581,澳新物流,澳新物流axexpress,axexpress
582,翔腾物流,翔腾物流xiangteng,xiangteng
583,瞬程物流,瞬程物流quickway,quickway
584,淘布斯快运\物流,淘布斯快运\物流taoplus,taoplus
585,恒瑞物流,恒瑞物流hengrui56,hengrui56
586,玥玛速运,玥玛速运yue777,yue777
587,邦工快运,邦工快运bgky100,bgky100
588,中国翼,中国翼cnws,cnws
589,中俄速通（淼信）,中俄速通（淼信）mxe56,mxe56
590,CJ物流,CJ物流doortodoor,doortodoor
591,当当,当当dangdang,dangdang
592,logen路坚,logen路坚ilogen,ilogen
593,1号店,1号店yhdshop,yhdshop
594,法国邮政(La Poste),法国邮政(La Poste)csuivi,csuivi
595,唯品会(vip),唯品会(vip)vipshop,vipshop
596,运通中港,运通中港yuntongkuaidi,yuntongkuaidi
597,云邮跨境快递,云邮跨境快递hkems,hkems
598,台湾（中华邮政）,台湾（中华邮政）postserv,postserv
599,ILYANG,ILYANGilyang,ilyang
600,尚橙物流,尚橙物流shangcheng,shangcheng
601,南京100,南京100nanjing,nanjing
602,全通快运,全通快运quantwl,quantwl
603,中澳速递,中澳速递cnausu,cnausu
604,友家速递,友家速递youjia,youjia
605,百通物流,百通物流buytong,buytong
606,联合快递,联合快递gslhkd,gslhkd
607,globaltracktrace,globaltracktraceglobaltracktrace,globaltracktrace
608,亚欧专线,亚欧专线nlebv,nlebv
609,澳德物流,澳德物流auod,auod
610,NLE,NLEnle,nle
611,iExpress,iExpressiexpress,iexpress
612,特急送,特急送lntjs,lntjs
613,ABF,ABFabf,abf
614,新元国际,新元国际xynyc,xynyc
615,小米,小米xiaomi,xiaomi
616,小C海淘,小C海淘xiaocex,xiaocex
617,新西兰中通,新西兰中通nzzto,nzzto
618,良藤国际速递,良藤国际速递lmfex,lmfex
619,韩国邮政,韩国邮政koreapostcn,koreapostcn
620,速品快递,速品快递supinexpress,supinexpress
621,韵丰物流,韵丰物流yunfeng56,yunfeng56
622,海龟国际快递,海龟国际快递turtle,turtle
623,云南滇驿物流,云南滇驿物流dianyi,dianyi
624,四川星程快递,四川星程快递scxingcheng,scxingcheng
625,jcex,jcexjcex,jcex
626,凯信达,凯信达kxda,kxda
627,安达信,安达信advancing,advancing
628,亿翔,亿翔yxexpress,yxexpress
629,广东通路,广东通路guangdongtonglu,guangdongtonglu
630,中国香港骏辉物流,中国香港骏辉物流chunfai,chunfai
631,比利时国际邮政(Bpost international),比利时国际邮政(Bpost international)bpostinter,bpostinter
632,三三国际物流,三三国际物流zenzen,zenzen
633,西班牙邮政(Correos de España),西班牙邮政(Correos de España)correosdees,correosdees
634,MRW,MRWmrw,mrw
635,丹麦邮政(Post Denmark),丹麦邮政(Post Denmark)postdanmarken,postdanmarken
636,法国邮政(Chronopost Portugal),法国邮政(Chronopost Portugal)chronopostport,chronopostport
637,法国邮政大包、EMS-法文（Chronopost France）,法国邮政大包、EMS-法文（Chronopost France）chronopostfra,chronopostfra
638,加拿大邮政(Purolator),加拿大邮政(Purolator)purolator,purolator
639,比利时邮政(Belgium Post),比利时邮政(Belgium Post)belgiumpost,belgiumpost
640,挪威邮政（Posten Norge）,挪威邮政（Posten Norge）postennorge,postennorge
641,UPS Mail Innovations,UPS Mail Innovationsupsmailinno,upsmailinno
642,瑞士邮政(Swiss Post),瑞士邮政(Swiss Post)swisspost,swisspost
643,DHL-荷兰（DHL Netherlands）,DHL-荷兰（DHL Netherlands）dhlnetherlands,dhlnetherlands
644,英国邮政小包（Royal Mail）,英国邮政小包（Royal Mail）royalmail,royalmail
645,英国邮政小包,英国邮政小包royalmailcn,royalmailcn
646,OPEK,OPEKopek,opek
647,Italy SDA,Italy SDAitalysad,italysad
648,乌克兰邮政EMS(EMS Ukraine),乌克兰邮政EMS(EMS Ukraine)emsukraine,emsukraine
649,Fastway Ireland,Fastway Irelandfastway,fastway
650,荷兰邮政(PostNL international registered mail),荷兰邮政(PostNL international registered mail)postnl,postnl
651,英国邮政（Parcel Force）,英国邮政（Parcel Force）parcelforce,parcelforce
652,乌克兰邮政包裹,乌克兰邮政包裹ukrpostcn,ukrpostcn
653,品速心达快递,品速心达快递pinsuxinda,pinsuxinda
654,YODEL,YODELyodel,yodel
655,UBI Australia,UBI Australiagotoubi,gotoubi
656,上海快通,上海快通shanghaikuaitong,shanghaikuaitong
657,宏品物流,宏品物流hongpinwuliu,hongpinwuliu
658,瑞典邮政(PostNord[Posten AB]),瑞典邮政(PostNord[Posten AB])postenab,postenab
659,国美,国美gome,gome
660,长宇物流,长宇物流changyuwuliu,changyuwuliu
661,海红网送,海红网送haihongwangsong,haihongwangsong
662,瓦努阿图邮政(Vanuatu Post),瓦努阿图邮政(Vanuatu Post)vanuatu,vanuatu
663,萨摩亚邮政(Samoa Post),萨摩亚邮政(Samoa Post)samoa,samoa
664,巴巴多斯邮政(Barbados Post),巴巴多斯邮政(Barbados Post)barbados,barbados
665,斐济邮政(Fiji Post),斐济邮政(Fiji Post)fiji,fiji
666,TNY物流,TNY物流tny,tny
667,Red Express,Red Expressredexpress,redexpress
668,墨西哥邮政（Correos de Mexico）,墨西哥邮政（Correos de Mexico）mexico,mexico
669,Estafeta,Estafetaestafeta,estafeta
670,罗马尼亚邮政（Posta Romanian）,罗马尼亚邮政（Posta Romanian）romanian,romanian
671,DPD Poland,DPD Polanddpdpoland,dpdpoland
672,巴基斯坦邮政(Pakistan Post),巴基斯坦邮政(Pakistan Post)pakistan,pakistan
673,Asendia USA,Asendia USAasendiausa,asendiausa
674,意大利邮政(Poste Italiane),意大利邮政(Poste Italiane)italiane,italiane
675,EC-Firstclass,EC-Firstclassecfirstclass,ecfirstclass
676,法国邮政大包、EMS-英文(Chronopost France),法国邮政大包、EMS-英文(Chronopost France)chronopostfren,chronopostfren
677,泰国邮政（Thailand Thai Post）,泰国邮政（Thailand Thai Post）thailand,thailand
678,Safexpress,Safexpresssafexpress,safexpress
679,TNT Australia,TNT Australiatntau,tntau
680,SkyNet Malaysia,SkyNet Malaysiaskynetmalaysia,skynetmalaysia
681,DTDC India,DTDC Indiadtdcindia,dtdcindia
682,"马来西亚邮政大包、EMS（Malaysia Post(parcel,EMS)）","马来西亚邮政大包、EMS（Malaysia Post(parcel,EMS)）malaysiaems",malaysiaems
683,马来西亚邮政小包（Malaysia Post(Registered)）,马来西亚邮政小包（Malaysia Post(Registered)）malaysiapost,malaysiapost
684,沙特阿拉伯邮政(Saudi Post),沙特阿拉伯邮政(Saudi Post)saudipost,saudipost
685,南非邮政（South African Post Office）,南非邮政（South African Post Office）southafrican,southafrican
686,Mexico Senda Express,Mexico Senda Expressmexicodenda,mexicodenda
687,MyHermes,MyHermesmyhermes,myhermes
688,DPD Germany,DPD Germanydpdgermany,dpdgermany
689,Nova Poshta,Nova Poshtanovaposhta,novaposhta
690,TNT UK,TNT UKtntuk,tntuk
691,Estes,Estesestes,estes
692,Deltec Courier,Deltec Courierdeltec,deltec
693,UPS Freight,UPS Freightupsfreight,upsfreight
694,Mexico Multipack,Mexico Multipackmultipack,multipack
695,Interlink Express,Interlink Expressinterlink,interlink
696,葡萄牙邮政（Portugal CTT）,葡萄牙邮政（Portugal CTT）portugalctt,portugalctt
697,乌克兰邮政EMS-中文(EMS Ukraine),乌克兰邮政EMS-中文(EMS Ukraine)emsukrainecn,emsukrainecn
698,乌克兰邮政小包、大包(UkrPost),乌克兰邮政小包、大包(UkrPost)ukrpost,ukrpost
699,DPD UK,DPD UKdpduk,dpduk
700,新加坡邮政EMS、大包(Singapore Speedpost),新加坡邮政EMS、大包(Singapore Speedpost)speedpost,speedpost
701,TCI XPS,TCI XPStcixps,tcixps
702,skynet,skynetskynet,skynet
703,KCS,KCSkcs,kcs
704,英国邮政大包EMS,英国邮政大包EMSparcelforcecn,parcelforcecn
705,考拉国际速递,考拉国际速递kaolaexpress,kaolaexpress
706,BlueDart,BlueDartbluedart,bluedart
707,ADP国际快递,ADP国际快递adp,adp
708,运东西,运东西yundx,yundx
709,骏达快递,骏达快递jdexpressusa,jdexpressusa
710,airpak expresss,airpak expresssairpak,airpak
711,Toll,Tolltoll,toll
712,速派快递(FastGo),速派快递(FastGo)fastgo,fastgo
713,新鹏快递,新鹏快递gdxp,gdxp
714,潇湘晨报,潇湘晨报xiaoxiangchenbao,xiaoxiangchenbao
715,OCA Argentina,OCA Argentinaocaargen,ocaargen
716,以色列邮政(Israel Post),以色列邮政(Israel Post)israelpost,israelpost
717,尼日利亚邮政(Nigerian Postal),尼日利亚邮政(Nigerian Postal)nigerianpost,nigerianpost
718,智利邮政(Correos Chile),智利邮政(Correos Chile)chile,chile
719,乌克兰邮政(UkrPoshta),乌克兰邮政(UkrPoshta)ukraine,ukraine
720,奥地利邮政(Austrian Post),奥地利邮政(Austrian Post)austria,austria
721,乌干达邮政(Posta Uganda),乌干达邮政(Posta Uganda)uganda,uganda
722,阿塞拜疆邮政EMS(EMS AzerExpressPost),阿塞拜疆邮政EMS(EMS AzerExpressPost)azerbaijan,azerbaijan
723,斯洛伐克邮政(Slovenská Posta),斯洛伐克邮政(Slovenská Posta)slovak,slovak
724,芬兰邮政(Itella Posti Oy),芬兰邮政(Itella Posti Oy)finland,finland
725,印度尼西亚邮政EMS(Pos Indonesia-EMS),印度尼西亚邮政EMS(Pos Indonesia-EMS)indonesia,indonesia
726,易优包裹,易优包裹eupackage,eupackage
727,阿鲁巴邮政（Post Aruba）,阿鲁巴邮政（Post Aruba）aruba,aruba
728,爱尔兰邮政(An Post),爱尔兰邮政(An Post)ireland,ireland
729,顺捷达,顺捷达shunjieda,shunjieda
730,埃塞俄比亚邮政(Ethiopian postal),埃塞俄比亚邮政(Ethiopian postal)ethiopia,ethiopia
731,行必达,行必达speeda,speeda
732,卢森堡邮政(Luxembourg Post),卢森堡邮政(Luxembourg Post)luxembourg,luxembourg
733,毛里求斯邮政(Mauritius Post),毛里求斯邮政(Mauritius Post)mauritius,mauritius
734,文莱邮政(Brunei Postal),文莱邮政(Brunei Postal)brunei,brunei
735,Quantium,Quantiumquantium,quantium
736,巴林邮政(Bahrain Post),巴林邮政(Bahrain Post)bahrain,bahrain
737,纳米比亚邮政(NamPost),纳米比亚邮政(NamPost)namibia,namibia
738,卢旺达邮政(Rwanda i-posita),卢旺达邮政(Rwanda i-posita)rwanda,rwanda
739,肯尼亚邮政(POSTA KENYA),肯尼亚邮政(POSTA KENYA)kenya,kenya
740,莱索托邮政(Lesotho Post),莱索托邮政(Lesotho Post)lesotho,lesotho
741,伯利兹邮政(Belize Postal),伯利兹邮政(Belize Postal)belize,belize
742,喀麦隆邮政(CAMPOST),喀麦隆邮政(CAMPOST)cameroon,cameroon
743,玻利维亚邮政,玻利维亚邮政bolivia,bolivia
744,波黑邮政(JP BH Posta),波黑邮政(JP BH Posta)bohei,bohei
745,巴拉圭邮政(Correo Paraguayo),巴拉圭邮政(Correo Paraguayo)paraguay,paraguay
746,坦桑尼亚邮政(Tanzania Posts),坦桑尼亚邮政(Tanzania Posts)tanzania,tanzania
747,柬埔寨邮政(Cambodia Post),柬埔寨邮政(Cambodia Post)cambodia,cambodia
748,阿曼邮政(Oman Post),阿曼邮政(Oman Post)oman,oman
749,鑫锐达,鑫锐达bjxsrd,bjxsrd
750,直布罗陀[英国]邮政( Royal Gibraltar Post),直布罗陀[英国]邮政( Royal Gibraltar Post)gibraltar,gibraltar
751,越南邮政EMS(VNPost Express),越南邮政EMS(VNPost Express)vnpost,vnpost
752,孟加拉国邮政(EMS),孟加拉国邮政(EMS)bangladesh,bangladesh
753,鹏程快递,鹏程快递pengcheng,pengcheng
754,冠庭国际物流,冠庭国际物流guanting,guanting
755,创一快递,创一快递chuangyi,chuangyi
756,贵州星程快递,贵州星程快递gzxingcheng,gzxingcheng
757,快速递,快速递ksudi,ksudi
758,重庆星程快递,重庆星程快递cqxingcheng,cqxingcheng
759,6LS EXPRESS,6LS EXPRESSlsexpress,lsexpress
760,S2C,S2Cs2c,s2c
761,ANTS EXPRESS,ANTS EXPRESSqdants,qdants
762,Hi淘易快递,Hi淘易快递hitaoe,hitaoe
763,北京丰越供应链,北京丰越供应链beijingfengyue,beijingfengyue
764,阳光快递,阳光快递shiningexpress,shiningexpress
765,青旅物流,青旅物流zqlwl,zqlwl
766,华中快递,华中快递cpsair,cpsair
767,易航物流,易航物流yihangmall,yihangmall
768,城铁速递,城铁速递cex,cex
769,千里速递,千里速递qianli,qianli
770,佳捷翔物流,佳捷翔物流jjx888,jjx888
771,急递,急递jdpplus,jdpplus
772,考拉速递,考拉速递koalaexp,koalaexp
773,天越物流,天越物流surpassgo,surpassgo
774,洋口岸,洋口岸ykouan,ykouan
775,卢森堡航空,卢森堡航空cargolux,cargolux
776,优优速递,优优速递youyou,youyou
777,全川物流,全川物流quanchuan56,quanchuan56
778,仓鼠快递,仓鼠快递cangspeed,cangspeed
779,闪电兔,闪电兔shandiantu,shandiantu
780,递五方云仓,递五方云仓di5pll,di5pll
781,新宁物流,新宁物流xinning,xinning
782,雅澳物流,雅澳物流yourscm,yourscm
783,首达速运,首达速运sdsy888,sdsy888
784,好运来,好运来hlyex,hlyex
785,丽狮物流,丽狮物流lishi,lishi
786,直德邮,直德邮zdepost,zdepost
787,一正达速运,一正达速运yizhengdasuyun,yizhengdasuyun
788,特急便物流,特急便物流sucmj,sucmj
789,货运皇,货运皇kingfreight,kingfreight
790,派尔快递,派尔快递peex,peex
791,澳货通,澳货通auex,auex
792,澳世速递,澳世速递aus,aus
793,美联快递,美联快递letseml,letseml
794,澳速物流,澳速物流aosu,aosu
795,克罗地亚邮政（Hrvatska Posta）,克罗地亚邮政（Hrvatska Posta）hrvatska,hrvatska
796,保加利亚邮政（Bulgarian Posts）,保加利亚邮政（Bulgarian Posts）bulgarian,bulgarian
797,Portugal Seur,Portugal Seurportugalseur,portugalseur
798,International Seur,International Seurseur,seur
799,Direct Link,Direct Linkdirectlink,directlink
800,捷克邮政（?eská po?ta）,捷克邮政（?eská po?ta）ceskaposta,ceskaposta
801,Siodemka,Siodemkasiodemka,siodemka
802,卡邦配送,卡邦配送ahkbps,ahkbps
803,爱尔兰邮政(An Post),爱尔兰邮政(An Post)anposten,anposten
804,ABC全球快运,ABC全球快运abcglobal,abcglobal
805,金海淘,金海淘goldhaitao,goldhaitao
806,芒果速递,芒果速递mangguo,mangguo
807,极光转运,极光转运jiguang,jiguang
808,DCS,DCSdcs,dcs
809,联运快递,联运快递lianyun,lianyun
810,申必达,申必达speedoex,speedoex
811,SHL畅灵国际物流,SHL畅灵国际物流shlexp,shlexp
812,顺邦国际物流,顺邦国际物流shunbang,shunbang
813,成达国际速递,成达国际速递chengda,chengda
814,冠捷物流,冠捷物流gjwl,gjwl
815,白俄罗斯邮政(Belpochta),白俄罗斯邮政(Belpochta)belpost,belpost
816,阿富汗邮政(Afghan Post),阿富汗邮政(Afghan Post)afghan,afghan
817,钏博物流,钏博物流cbo56,cbo56
818,首通快运,首通快运staky,staky
819,马珂博逻,马珂博逻cnmcpl,cnmcpl
820,上海航瑞货运,上海航瑞货运hangrui,hangrui
821,小熊物流,小熊物流littlebearbear,littlebearbear
822,环创物流,环创物流ghl,ghl
823,林安物流,林安物流lasy56,lasy56
824,法翔速运,法翔速运ftlexpress,ftlexpress
825,易转运,易转运ezhuanyuan,ezhuanyuan
826,Superb Grace,Superb Gracesuperb,superb
827,圣飞捷快递,圣飞捷快递sfjhd,sfjhd
828,淘韩国际快递,淘韩国际快递krtao,krtao
829,容智快运,容智快运gdrz58,gdrz58
830,骏绅物流,骏绅物流jsexpress,jsexpress
831,德国雄鹰速递,德国雄鹰速递adlerlogi,adlerlogi
832,开心快递,开心快递happylink,happylink
833,远为快递,远为快递ywexpress,ywexpress
834,嗖一下同城快递,嗖一下同城快递sofast56,sofast56
835,五六快运,五六快运wuliuky,wuliuky
836,顺时达物流,顺时达物流hnssd56,hnssd56
837,卓烨快递,卓烨快递hrbzykd,hrbzykd
838,万家康物流,万家康物流wjkwl,wjkwl
839,ZTE中兴物流,ZTE中兴物流zteexpress,zteexpress
840,国晶物流,国晶物流xdshipping,xdshipping
841,德国云快递,德国云快递yunexpress,yunexpress
842,宏递快运,宏递快运hd,hd
843,新亚物流,新亚物流nalexpress,nalexpress
844,一起送,一起送yiqisong,yiqisong
845,迈隆递运,迈隆递运mailongdy,mailongdy
846,艾瑞斯远,艾瑞斯远ariesfar,ariesfar
847,澳多多国际速递,澳多多国际速递adodoxm,adodoxm
848,CNUP 中联邮,CNUP 中联邮cnup,cnup
849,Hermes,Hermeshermes,hermes
850,PostElbe,PostElbepostelbe,postelbe
851,维普恩物流,维普恩物流vps,vps
852,联运通物流,联运通物流szuem,szuem
853,明辉物流,明辉物流zsmhwl,zsmhwl
854,龙象国际物流,龙象国际物流edragon,edragon
855,永邦国际物流,永邦国际物流yongbangwuliu,yongbangwuliu
856,速配欧翼,速配欧翼superoz,superoz
857,51跨境通,51跨境通wykjt,wykjt
858,嘉里大荣物流,嘉里大荣物流kerrytj,kerrytj
859,中国香港环球快运,中国香港环球快运huanqiuabc,huanqiuabc
860,CL日中速运,CL日中速运clsp,clsp
861,邮客全球速递,邮客全球速递yyox,yyox
862,家家通快递,家家通快递newsway,newsway
863,华瀚快递,华瀚快递hhair56,hhair56
864,顺士达速运,顺士达速运shunshid,shunshid
865,卓实快运,卓实快运zhuoshikuaiyun,zhuoshikuaiyun
866,希腊邮政包裹（ELTA Hellenic Post）,希腊邮政包裹（ELTA Hellenic Post）elta,elta
867,天天快物流,天天快物流guoeryue,guoeryue
868,星速递,星速递starex,starex
869,土耳其邮政,土耳其邮政ptt,ptt
870,哥伦比亚邮政(4-72 La Red Postal de Colombia),哥伦比亚邮政(4-72 La Red Postal de Colombia)colombia,colombia
871,加州猫速递,加州猫速递jiazhoumao,jiazhoumao
872,捷邦物流,捷邦物流jieborne,jieborne
873,Canpar,Canparcanpar,canpar
874,啪啪供应链,啪啪供应链papascm,papascm
875,广东诚通物流,广东诚通物流gdct56,gdct56
876,海硕高铁速递,海硕高铁速递hsgtsd,hsgtsd
877,万达美,万达美wdm,wdm
878,易达国际速递,易达国际速递eta100,eta100
879,安达速递,安达速递adapost,adapost
880,光线速递,光线速递gxwl,gxwl
881,西游寄,西游寄xiyoug,xiyoug
882,易邮国际,易邮国际euguoji,euguoji
883,粤中国际货运代理（上海）有限公司,粤中国际货运代理（上海）有限公司yuezhongsh,yuezhongsh
884,城通物流,城通物流chengtong,chengtong
885,GE2D跨境物流,GE2D跨境物流ge2d,ge2d
886,飛斯特,飛斯特bester,bester
887,蒙古国邮政(Mongol Post),蒙古国邮政(Mongol Post)mongolpost,mongolpost
888,乌拉圭邮政（Correo Uruguayo）,乌拉圭邮政（Correo Uruguayo）correo,correo
889,牙买加邮政（Jamaica Post）,牙买加邮政（Jamaica Post）jamaicapost,jamaicapost
890,美达快递,美达快递meidaexpress,meidaexpress
891,格鲁吉亚邮政(Georgian Pos）,格鲁吉亚邮政(Georgian Pos）georgianpost,georgianpost
892,驭丰速运,驭丰速运yfsuyun,yfsuyun
893,无忧物流,无忧物流aliexpress,aliexpress
894,邮鸽速运,邮鸽速运ugoexpress,ugoexpress
895,澳洲新干线快递,澳洲新干线快递expressplus,expressplus
896,邮来速递,邮来速递youlai,youlai
897,标杆物流,标杆物流bmlchina,bmlchina
898,商桥物流,商桥物流shangqiao56,shangqiao56
899,魔速达,魔速达mosuda,mosuda
900,AUV国际快递,AUV国际快递auvexpress,auvexpress
901,Newgistics,Newgisticsnewgistics,newgistics
902,FQ狂派速递,FQ狂派速递freakyquick,freakyquick
903,威盛快递,威盛快递wherexpess,wherexpess
904,泽西岛邮政,泽西岛邮政jerseypost,jerseypost
905,老挝邮政(Lao Express),老挝邮政(Lao Express)lao,lao
906,巴布亚新几内亚邮政(PNG Post),巴布亚新几内亚邮政(PNG Post)postpng,postpng
907,珠峰速运,珠峰速运zf365,zf365
908,甘肃安的快递,甘肃安的快递gansuandi,gansuandi
909,飞云快递系统,飞云快递系统fyex,fyex
910,一辉物流,一辉物流yatfai,yatfai
911,顶世国际物流,顶世国际物流topshey,topshey
912,e直运,e直运edtexpress,edtexpress
913,易普递,易普递sixroad,sixroad
914,龙枫国际快递,龙枫国际快递lfexpress,lfexpress
915,海淘物流,海淘物流ht22,ht22
916,大韩通运,大韩通运cjkoreaexpress,cjkoreaexpress
917,未来明天快递,未来明天快递weilaimingtian,weilaimingtian
918,天翔快递,天翔快递tianxiang,tianxiang
919,可可树美中速运,可可树美中速运excocotree,excocotree
920,锋鸟物流,锋鸟物流beebird,beebird
921,邮邦国际,邮邦国际youban,youban
922,全联速运,全联速运guexp,guexp
923,Aplus物流,Aplus物流aplusex,aplusex
924,西安运逸快递,西安运逸快递yyexp,yyexp
925,青云物流,青云物流bjqywl,bjqywl
926,中翼国际物流,中翼国际物流chnexp,chnexp
927,亚洲顺物流,亚洲顺物流yzswuliu,yzswuliu
928,万邑通,万邑通winit,winit
929,E跨通,E跨通ecallturn,ecallturn
930,到了港,到了港camekong,camekong
931,斯里兰卡邮政(Sri Lanka Post),斯里兰卡邮政(Sri Lanka Post)slpost,slpost
932,斯洛文尼亚邮政(Slovenia Post),斯洛文尼亚邮政(Slovenia Post)slovenia,slovenia
933,多米尼加邮政（INPOSDOM – Instituto Postal Dominicano）,多米尼加邮政（INPOSDOM – Instituto Postal Dominicano）inposdom,inposdom
934,狮爱高铁物流,狮爱高铁物流sycawl,sycawl
935,爱拜物流,爱拜物流ibuy8,ibuy8
936,九宫物流,九宫物流jiugong,jiugong
937,宇佳物流,宇佳物流yujiawl,yujiawl
938,缔惠盛合,缔惠盛合twkd56,twkd56
939,星运快递,星运快递staryvr,staryvr
940,快服务,快服务kfwnet,kfwnet
941,商海德物流,商海德物流shd56,shd56
942,湘达物流,湘达物流xiangdawuliu,xiangdawuliu
943,远盾物流,远盾物流yuandun,yuandun
944,速派快递,速派快递fastgoexpress,fastgoexpress
945,中集冷云,中集冷云cccc58,cccc58
946,久久物流,久久物流jiujiuwl,jiujiuwl
947,德国八易转运,德国八易转运deguo8elog,deguo8elog
948,UTAO优到,UTAO优到utaoscm,utaoscm
949,乾坤物流,乾坤物流yatexpress,yatexpress
950,尼泊尔邮政（Nepal Postal Services）,尼泊尔邮政（Nepal Postal Services）nepalpost,nepalpost
951,摩洛哥邮政 ( Morocco Post ),摩洛哥邮政 ( Morocco Post )morocco,morocco
952,坦桑尼亚邮政（Tanzania Posts Corporation）,坦桑尼亚邮政（Tanzania Posts Corporation）posta,posta
953,莫桑比克邮政（Correios de Moçambique）,莫桑比克邮政（Correios de Moçambique）correios,correios
954,伊朗邮政（Iran Post）,伊朗邮政（Iran Post）iran,iran
955,聚中大,聚中大juzhongda,juzhongda
956,联众国际,联众国际epspost,epspost
957,南非邮政EMS,南非邮政EMSemssouthafrica,emssouthafrica
958,丰通快运,丰通快运ftky365,ftky365
959,中欧国际物流,中欧国际物流eucnrail,eucnrail
960,艾姆勒,艾姆勒imlb2c,imlb2c
961,BorderGuru,BorderGuruborderguru,borderguru
962,艺凡快递,艺凡快递yifankd,yifankd
963,博茨瓦纳邮政,博茨瓦纳邮政botspost,botspost
964,宏观国际快递,宏观国际快递gvpexpress,gvpexpress
965,苏丹邮政（Sudapost）,苏丹邮政（Sudapost）sudapost,sudapost
966,塞内加尔邮政,塞内加尔邮政laposte,laposte
967,卡塔尔邮政（Qatar Post）,卡塔尔邮政（Qatar Post）qpost,qpost
968,海沧无忧,海沧无忧hivewms,hivewms
969,Sureline冠泰,Sureline冠泰sureline,sureline
970,集先锋快递,集先锋快递jxfex,jxfex
971,丰客物流,丰客物流fecobv,fecobv
972,安世通快递,安世通快递astexpress,astexpress
973,同城快寄,同城快寄shpost,shpost
974,海联快递,海联快递hltop,hltop
975,中联速递,中联速递auvanda,auvanda
976,神马快递,神马快递shenma,shenma
977,三象速递,三象速递sxexpress,sxexpress
978,温通物流,温通物流wto56kj,wto56kj
979,互联快运,互联快运hlkytj,hlkytj
980,四海捷运,四海捷运sihiexpress,sihiexpress
981,劲通快递,劲通快递jintongkd,jintongkd
982,凡仕特物流,凡仕特物流wlfast,wlfast
983,韩国邮政（Korea Post）,韩国邮政（Korea Post）koreapost,koreapost
984,居家通,居家通homexpress,homexpress
985,红背心,红背心hongbeixin,hongbeixin
986,微店,微店weidianorder,weidianorder
987,当当,当当dangdangorder,dangdangorder
988,考拉订单,考拉订单kaolaorder,kaolaorder
989,国送快运,国送快运guosong,guosong
990,TST速运通,TST速运通tstexp,tstexp
991,全程快递,全程快递agopost,agopost
992,YUN TRACK,YUN TRACKyuntrack,yuntrack
993,CDEK,CDEKcdek,cdek
994,SIGN国际速递,SIGN国际速递signedexpress,signedexpress
995,越中国际物流,越中国际物流vctrans,vctrans
996,德尚国际速递,德尚国际速递gslexpress,gslexpress
997,德国优拜物流,德国优拜物流ubuy,ubuy
998,德国邮政 EUC POST,德国邮政 EUC POSTeucpost,eucpost
999,嘉诚速达,嘉诚速达jcsuda,jcsuda
1000,AFL,AFLafl,afl
1001,众派速递,众派速递zhpex,zhpex
1002,海星桥快递,海星桥快递haixingqiao,haixingqiao
1003,蘑菇街,蘑菇街mogujieorder,mogujieorder
1004,国美,国美gomeorder,gomeorder
1005,优能物流,优能物流mantoo,mantoo
1006,能装能送,能装能送canhold,canhold
1007,聚美优品,聚美优品jumeiyoupinorder,jumeiyoupinorder
1008,诚一物流,诚一物流parcelchina,parcelchina
1009,比利时邮政（Bpost）,比利时邮政（Bpost）bpost,bpost
1010,网易严选,网易严选wangyiyxorder,wangyiyxorder
1011,唯品会,唯品会vipshoporder,vipshoporder
1012,驼峰国际,驼峰国际humpline,humpline
1013,美丽说,美丽说meilishuoorder,meilishuoorder
1014,巴西邮政(Brazil Post/Correios),巴西邮政(Brazil Post/Correios)brazilposten,brazilposten
1015,TransRush,TransRushtransrush,transrush
1016,卷皮,卷皮juanpiorder,juanpiorder
1017,一号店,一号店yhdshoporder,yhdshoporder
1018,龙飞祥快递,龙飞祥快递longfx,longfx
1019,顺心捷达,顺心捷达sxjdfreight,sxjdfreight
1020,圆通承诺达,圆通承诺达ytchengnuoda,ytchengnuoda
1021,跨境直邮通,跨境直邮通kjde,kjde
1022,美邦国际快递,美邦国际快递meibang,meibang
1023,USPSCN,USPSCNuspscn,uspscn
1024,7号速递,7号速递express7th,express7th
1025,易邮速运,易邮速运yiyou,yiyou
1026,快8速运,快8速运kuai8,kuai8
1027,东西E全运,东西E全运ecotransite,ecotransite
1028,帮帮发,帮帮发bangbangpost,bangbangpost
1029,优海国际速递,优海国际速递uhi,uhi
1030,JDIEX,JDIEXjdiex,jdiex
1031,泰捷达国际物流,泰捷达国际物流ztjieda,ztjieda
1032,捎客物流,捎客物流shaoke,shaoke
1033,番薯国际货运,番薯国际货运koali,koali
1034,全球速递,全球速递pdstow,pdstow
1035,贝贝,贝贝beibeiorder,beibeiorder
1036,華信物流WTO,華信物流WTOlogistics,logistics
1037,优莎速运,优莎速运eusacn,eusacn
1038,东方航空物流,东方航空物流ealceair,ealceair
1039,GHT物流,GHT物流ghtexpress,ghtexpress
1040,TCXB国际物流,TCXB国际物流tcxbthai,tcxbthai
1041,香港伟豪国际物流,香港伟豪国际物流whgjkd,whgjkd
1042,潍鸿,潍鸿grivertek,grivertek
1043,如家国际快递,如家国际快递homecourier,homecourier
1044,贝业物流,贝业物流boyol,boyol
1045,环国运物流,环国运物流hgy56,hgy56
1046,澳丰速递,澳丰速递sfau,sfau
1047,聚物物流,聚物物流juwu,juwu
1048,鑫远东速运,鑫远东速运xyd666,xyd666
1049,波音速递,波音速递overseaex,overseaex
1050,OBOR Express,OBOR Expressoborexpress,oborexpress
1051,沃埃家,沃埃家wowvip,wowvip
1052,远航国际快运,远航国际快运yuanhhk,yuanhhk
1053,高捷快运,高捷快运goldjet,goldjet
1054,转运中国,转运中国uszcn,uszcn
1055,GT国际快运,GT国际快运gtgogo,gtgogo
1056,速达通,速达通sdto,sdto
1057,迅速快递,迅速快递xunsuexpress,xunsuexpress
1058,三盛快递,三盛快递sanshengco,sanshengco
1059,苏豪快递,苏豪快递shipsoho,shipsoho
1060,西濃運輸,西濃運輸seino,seino
1061,花瓣转运,花瓣转运flowerkd,flowerkd
1062,加拿大联通快运,加拿大联通快运fastontime,fastontime
1063,鸿远物流,鸿远物流hyeship,hyeship
1064,联通快递,联通快递ltparcel,ltparcel
1065,europeanecom,europeanecomeuropeanecom,europeanecom
1066,海欣斯Highsince,海欣斯Highsincehighsince,highsince
1067,合心速递,合心速递hexinexpress,hexinexpress
1068,天美快递,天美快递taimek,taimek
1069,王牌快递,王牌快递shipbyace,shipbyace
1070,蜜蜂速递,蜜蜂速递bee001,bee001
1071,天使物流云,天使物流云tswlcloud,tswlcloud
1072,华美快递,华美快递hmus,hmus
1073,折800,折800zhe800order,zhe800order
1074,小红书,小红书xiaohongshuorder,xiaohongshuorder
1075,景顺物流,景顺物流jingshun,jingshun
1076,驿递汇速递,驿递汇速递yidihui,yidihui
1077,YCG物流,YCG物流ycgglobal,ycgglobal
1078,宇航通物流,宇航通物流yhtlogistics,yhtlogistics
1079,track-parcel,track-parceltrackparcel,trackparcel
1080,曹操到,曹操到sfpost,sfpost
1081,五六快运,五六快运56kuaiyun,56kuaiyun
1082,韵达快运,韵达快运ydky,ydky
1083,港快速递,港快速递gksd,gksd
1084,中国流通王,中国流通王scorejp,scorejp
1085,GOOD快递,GOOD快递good,good
1086,跨洋国际速递,跨洋国际速递kuayang,kuayang
1087,E2G速递,E2G速递e2g,e2g
1088,新西兰申通,新西兰申通nzsto,nzsto
1089,俄罗斯邮政(Russian Post),俄罗斯邮政(Russian Post)pochta,pochta
1090,天翼快递,天翼快递tykd,tykd
1091,LaserShip,LaserShiplasership,lasership
1092,阿联酋邮政(Emirates Post),阿联酋邮政(Emirates Post)emirates,emirates
1093,跨跃国际,跨跃国际kyue,kyue
1094,猛犸物流,猛犸物流mm,mm
1095,鼎润物流,鼎润物流dingrun,dingrun
1096,北极星快运,北极星快运polarisexpress,polarisexpress
1097,昂威物流,昂威物流onway,onway
1098,澳天速递,澳天速递aotsd,aotsd
1099,邦通国际,邦通国际comexpress,comexpress
1100,佰麒快递,佰麒快递beckygo,beckygo
1101,堡昕德速递,堡昕德速递bosind,bosind
1102,长风物流,长风物流longvast,longvast
1103,CNAIR,CNAIRcnair,cnair
1104,丹鸟,丹鸟danniao,danniao
1105,疯狂快递,疯狂快递crazyexpress,crazyexpress
1106,报通快递,报通快递btex,btex
1107,诚和通,诚和通cht,cht
1108,全和悦物流,全和悦物流alljoy,alljoy
1109,中国邮政E邮宝,中国邮政E邮宝eyoubao,eyoubao
1110,富国快递,富国快递fuguoex,fuguoex
1111,盈和国际,盈和国际yhfba,yhfba
1112,飞跃物流,飞跃物流rlgaus,rlgaus
1113,大马鹿,大马鹿dml,dml
1114,飞鸟国际,飞鸟国际bird,bird
1115,SQK国际速递,SQK国际速递chinasqk,chinasqk
1116,群航云物流,群航云物流yunwuliu,yunwuliu
1117,嘉优快线,嘉优快线jy,jy
1118,安锐速运,安锐速运anxb,anxb
1119,一速递,一速递oneexpress,oneexpress
1120,邦泰快运\物流,邦泰快运\物流btexpress,btexpress
1121,云达（原美国韵达）,云达（原美国韵达）yundaexus,yundaexus
1122,华夏国际速递,华夏国际速递uschuaxia,uschuaxia
1123,一智通,一智通1ziton,1ziton
1124,快达物流,快达物流kuaidawuliu,kuaidawuliu
1125,利佳顺,利佳顺ljs,ljs
1126,Cnilink,Cnilinkcnilink,cnilink
1127,尚途国际,尚途国际stgj,stgj
1128,海信物流,海信物流savor,savor
1129,汉江快递,汉江快递hanjiang,hanjiang
1130,聚盟物流,聚盟物流jumstc,jumstc
1131,qqEx,qqExqqex,qqex
1132,信联,信联xinglian,xinglian
1133,明达国际,明达国际tmw,tmw
1134,环旅快运,环旅快运globaltourchains,globaltourchains
1135,中邮电商,中邮电商chinapostcb,chinapostcb
1136,SYNSHIP快递,SYNSHIP快递synship,synship
1137,希凯国际,希凯国际ckexp,ckexp
1138,EASY EXPRESS,EASY EXPRESSeasyexpress,easyexpress
1139,泰进物流,泰进物流taijin,taijin
1140,三真驿道,三真驿道sanzlink,sanzlink
1141,华夏货运(福建),华夏货运(福建)hxlogistics,hxlogistics
1142,佳成快递,佳成快递jiacheng,jiacheng
1143,Lazada (LGS) 快递,Lazada (LGS) 快递lazada,lazada
1144,威速递,威速递we,we
1145,普华云.鑫云物流,普华云.鑫云物流puhua,puhua
1146,众邮快递,众邮快递zhongyouex,zhongyouex
1147,Austa国际速递,Austa国际速递austa,austa
1148,汇森速运,汇森速运huisenky,huisenky
1149,极兔速递/极兔快递,极兔速递/极兔快递jt,jt
1150,贰仟家,贰仟家erqian,erqian
1151,中原快运,中原快运zhongyuan,zhongyuan
1152,中通国际,中通国际ztoglobal,ztoglobal
1153,领跑者快递,领跑者快递abcus,abcus
